ID,Title,Video URL,Category,LeetCode,HackerRank,CodeChef
1,1. Introduction to Algorithms,https://www.youtube.com/watch?v=0IAPZzGSbME,Fundamentals,,,
2,1.1 Priori Analysis and Posteriori Testing,https://www.youtube.com/watch?v=-JTq1BFBwmo,Fundamentals,,,
3,1.2 Characteristics of Algorithm,https://www.youtube.com/watch?v=FbYzBWdhMb0,Fundamentals,,,
4,1.3 How Write and Analyze Algorithm,https://www.youtube.com/watch?v=xGYsEqe9Vl0,Fundamentals,https://leetcode.com/problems/running-sum-of-1d-array/,https://www.hackerrank.com/challenges/simple-array-sum/problem,https://www.codechef.com/problems/FLOW001
5,1.4 Frequency Count Method,https://www.youtube.com/watch?v=1U3Uwct45IY,Fundamentals,https://leetcode.com/problems/matrix-diagonal-sum/,"https://www.hackerrank.com/challenges/sock-merchant/problem
https://www.hackerrank.com/challenges/sparse-arrays/problem",
6,1.5.1 Time Complexity #1,https://www.youtube.com/watch?v=9TlHvipP5yA,Fundamentals,,https://www.hackerrank.com/challenges/30-running-time-and-complexity/problem,
7,1.5.2 Time Complexity Example #2,https://www.youtube.com/watch?v=9SgLBjXqwd4,Fundamentals,https://leetcode.com/problems/sqrtx/,https://www.hackerrank.com/challenges/30-running-time-and-complexity/problem,
8,1.5.3 Time Complexity of While and if #3,https://www.youtube.com/watch?v=p1EnSvS3urU,Fundamentals,,,
9,1.6 Classes of functions,https://www.youtube.com/watch?v=w7t4_JUUTeg,Fundamentals,,,
10,1.7 Compare Class of Functions,https://www.youtube.com/watch?v=5v-tKX2uRAk,Fundamentals,,,
11,1.8.1 Asymptotic Notations Big Oh - Omega - Theta #1,https://www.youtube.com/watch?v=A03oI0znAoc,Fundamentals,,,
12,1.8.2 Asymptotic Notations - Big Oh - Omega - Theta #2,https://www.youtube.com/watch?v=Nd0XDY-jVHs,Fundamentals,,,
13,1.9 Properties of Asymptotic Notations,https://www.youtube.com/watch?v=NI4OKSvGAgM,Fundamentals,,,
14,1.10.1 Comparison of Functions #1,https://www.youtube.com/watch?v=mwN18xfwNhk,Fundamentals,,,
15,1.10.2 Comparison of Functions #2,https://www.youtube.com/watch?v=WlBBTSL0ZRc,Fundamentals,,,
16,1.11 Best Worst and Average Case Analysis,https://www.youtube.com/watch?v=lj3E24nnPjI,Fundamentals,https://leetcode.com/problems/find-target-indices-after-sorting-array/,https://www.hackerrank.com/challenges/tutorial-intro/problem,https://www.codechef.com/problems/SEARCHINARRAY
17,1.12 Disjoint Sets Data Structure - Weighted Union and Collapsing Find,https://www.youtube.com/watch?v=wU6udHRIkcc,Graphs,"https://leetcode.com/problems/number-of-provinces/
https://leetcode.com/problems/redundant-connection/","https://www.hackerrank.com/challenges/merging-communities/problem
https://www.hackerrank.com/challenges/components-in-graph/problem",https://www.codechef.com/problems/DISHOWN
18,2 Divide And Conquer,https://www.youtube.com/watch?v=2Rr2tW9zvRg,Divide & Conquer,,,
19,2.1.1 Recurrence Relation (T(n)= T(n-1) + 1) #1,https://www.youtube.com/watch?v=4V30R3I1vLI,Divide & Conquer,,,
20,2.1.2 Recurrence Relation (T(n)= T(n-1) + n) #2,https://www.youtube.com/watch?v=IawM82BQ4II,Divide & Conquer,,,
21,2.1.3 Recurrence Relation (T(n)= T(n-1) + log n) #3,https://www.youtube.com/watch?v=MhT7XmxhaCE,Divide & Conquer,,,
22,2.1.4 Recurrence Relation T(n)=2 T(n-1)+1  #4,https://www.youtube.com/watch?v=JvcqtZk2mng,Divide & Conquer,,,
23,2.2 Masters Theorem Decreasing Function,https://www.youtube.com/watch?v=CyknhZbfMqc,Divide & Conquer,,,
24,2.3.1 Recurrence Relation Dividing Function T(n)=T(n/2)+1 #1,https://www.youtube.com/watch?v=8gt0D0IqU5w,Divide & Conquer,,,
25,2.3.2 Recurrence Relation Dividing [ T(n)=T(n/2)+ n].   #2,https://www.youtube.com/watch?v=XcZw01FuH18,Divide & Conquer,,,
26,2.3.3 Recurrence Relation [ T(n)= 2T(n/2) +n]  #3,https://www.youtube.com/watch?v=1K9ebQJosvo,Divide & Conquer,,,
27,2.4.1 Masters Theorem in Algorithms for Dividing Function #1,https://www.youtube.com/watch?v=OynWkEj0S-s,Divide & Conquer,,,
28,2.4.2 Examples for Master Theorem #2,https://www.youtube.com/watch?v=kGcO-nAm9Vc,Divide & Conquer,,,
29,2.5 Root function (Recurrence Relation),https://www.youtube.com/watch?v=9rVuyjxzwgM,Divide & Conquer,,,
30,2.6.1 Binary Search Iterative Method,https://www.youtube.com/watch?v=C2apEw9pgtw,Binary Search,"https://leetcode.com/problems/binary-search/
https://leetcode.com/problems/search-insert-position/
https://leetcode.com/problems/guess-number-higher-or-lower/","https://www.hackerrank.com/challenges/tutorial-intro/problem
https://www.hackerrank.com/challenges/icecream-parlor/problem","https://www.codechef.com/problems/BSEARCH1
https://www.codechef.com/problems/TRICOIN"
31,2.6.2 Binary Search Recursive Method,https://www.youtube.com/watch?v=uEUXGcc2VXM,Binary Search,"https://leetcode.com/problems/binary-search/
https://leetcode.com/problems/first-bad-version/",https://www.hackerrank.com/challenges/tutorial-intro/problem,https://www.codechef.com/problems/BSEARCH1
32,2.6.3 Heap - Heap Sort - Heapify - Priority Queues,https://www.youtube.com/watch?v=HqPJF2L5h9U,Heaps,"https://leetcode.com/problems/kth-largest-element-in-an-array/
https://leetcode.com/problems/last-stone-weight/
https://leetcode.com/problems/sort-an-array/","https://www.hackerrank.com/challenges/qheap1/problem
https://www.hackerrank.com/challenges/jesse-and-cookies/problem",https://www.codechef.com/problems/IPCTRAIN
33,2.7.1  Two Way MergeSort - Iterative method,https://www.youtube.com/watch?v=6pV2IF0fgKY,Sorting,https://leetcode.com/problems/merge-sorted-array/,,https://www.codechef.com/problems/MRGSRT
34,2.7.2.  Merge Sort Algorithm,https://www.youtube.com/watch?v=mB5HXBb_HY8,Sorting,"https://leetcode.com/problems/sort-an-array/
https://leetcode.com/problems/sort-list/",https://www.hackerrank.com/challenges/ctci-merge-sort/problem,https://www.codechef.com/problems/MRGSRT
35,2.7.3 MergeSort in-depth Analysis,https://www.youtube.com/watch?v=ak-pz7tS5DE,Sorting,https://leetcode.com/problems/reverse-pairs/,https://www.hackerrank.com/challenges/ctci-merge-sort/problem,https://www.codechef.com/problems/INVC_CNT
36,2.8.1  QuickSort Algorithm,https://www.youtube.com/watch?v=7h1s2SojIRw,Sorting,"https://leetcode.com/problems/sort-an-array/
https://leetcode.com/problems/kth-largest-element-in-an-array/","https://www.hackerrank.com/challenges/quicksort1/problem
https://www.hackerrank.com/challenges/quicksort2/problem",https://www.codechef.com/problems/TSORT
37,2.8.2 QuickSort Analysis,https://www.youtube.com/watch?v=-qOVVRIZzao,Sorting,https://leetcode.com/problems/sort-an-array/,"https://www.hackerrank.com/challenges/quicksort3/problem
https://www.hackerrank.com/challenges/runningtime/problem",https://www.codechef.com/problems/TSORT
38,2.9 Strassens Matrix Multiplication,https://www.youtube.com/watch?v=0oJyNmEbS4w,Divide & Conquer,,,
39,3. Greedy Method -  Introduction,https://www.youtube.com/watch?v=ARvQcqJ_-NY,Greedy,https://leetcode.com/problems/assign-cookies/,,
40,3.1 Knapsack Problem - Greedy Method,https://www.youtube.com/watch?v=oTTzNMHM05I,Greedy,https://leetcode.com/problems/maximum-units-on-a-truck/,,
41,3.2 Job Sequencing with Deadlines - Greedy Method,https://www.youtube.com/watch?v=zPtI8q9gvX8,Greedy,"https://leetcode.com/problems/course-schedule-iii/
https://leetcode.com/problems/maximum-profit-in-job-scheduling/",,
42,3.3 Optimal Merge Pattern - Greedy Method,https://www.youtube.com/watch?v=HHIc5JZyenI,Greedy,https://leetcode.com/problems/minimum-cost-to-connect-sticks/,https://www.hackerrank.com/challenges/jesse-and-cookies/problem,
43,3.4 Huffman Coding - Greedy Method,https://www.youtube.com/watch?v=co4_ahEDCho,Greedy,,https://www.hackerrank.com/challenges/tree-huffman-decoding/problem,
44,3.5 Prims and Kruskals Algorithms - Greedy Method,https://www.youtube.com/watch?v=4ZlRH0eK-qQ,Greedy,"https://leetcode.com/problems/min-cost-to-connect-all-points/
https://leetcode.com/problems/connecting-cities-with-minimum-cost/","https://www.hackerrank.com/challenges/primsmstsub/problem
https://www.hackerrank.com/challenges/kruskalmstrsub/problem",
45,3.6 Dijkstra Algorithm - Single Source Shortest Path - Greedy Method,https://www.youtube.com/watch?v=XB4MIexjvY0,Greedy,"https://leetcode.com/problems/network-delay-time/
https://leetcode.com/problems/path-with-maximum-probability/
https://leetcode.com/problems/cheapest-flights-within-k-stops/",https://www.hackerrank.com/challenges/dijkstrashortreach/problem,https://www.codechef.com/problems/SHPATH
46,4 Principle  of Optimality  - Dynamic Programming introduction,https://www.youtube.com/watch?v=5dRGRueKU3M,Dynamic Programming,,,
47,4.1 MultiStage Graph - Dynamic Programming,https://www.youtube.com/watch?v=9iE9Mj4m8jk,Dynamic Programming,,,
48,4.1.1 MultiStage Graph (Program) - Dynamic Programming,https://www.youtube.com/watch?v=FcScLYJI42E,Dynamic Programming,,,
49,4.2 All Pairs Shortest Path (Floyd-Warshall) - Dynamic Programming,https://www.youtube.com/watch?v=oNI0rf2P9gE,Dynamic Programming,"https://leetcode.com/problems/find-the-city-with-the-smallest-number-of-neighbors-at-a-threshold-distance/
https://leetcode.com/problems/course-schedule-iv/",https://www.hackerrank.com/challenges/floyd-city-of-blinding-lights/problem,
50,4.3 Matrix Chain Multiplication - Dynamic Programming,https://www.youtube.com/watch?v=prx1psByp7U,Dynamic Programming,"https://leetcode.com/problems/burst-balloons/
https://leetcode.com/problems/minimum-cost-tree-from-leaf-values/",,
51,[New] Matrix Chain Multiplication using Dynamic Programming Formula,https://www.youtube.com/watch?v=_WncuhSJZyA,Dynamic Programming,"https://leetcode.com/problems/burst-balloons/
https://leetcode.com/problems/minimum-cost-tree-from-leaf-values/",,
52,4.3.1 Matrix Chain Multiplication (Program) - Dynamic Programming,https://www.youtube.com/watch?v=eKkXU3uu2zk,Dynamic Programming,"https://leetcode.com/problems/burst-balloons/
https://leetcode.com/problems/minimum-cost-tree-from-leaf-values/",,
53,4.4 Bellman Ford Algorithm - Single Source Shortest Path - Dynamic Programming,https://www.youtube.com/watch?v=FtN3BYH2Zes,Dynamic Programming,"https://leetcode.com/problems/cheapest-flights-within-k-stops/
https://leetcode.com/problems/network-delay-time/",,
54,4.5 0/1 Knapsack - Two Methods - Dynamic Programming,https://www.youtube.com/watch?v=nLmhmB6NzcM,Dynamic Programming,"https://leetcode.com/problems/partition-equal-subset-sum/
https://leetcode.com/problems/target-sum/
https://leetcode.com/problems/ones-and-zeroes/",,https://www.codechef.com/problems/PPTEST
55,4.5.1 0/1 Knapsack Problem (Program) - Dynamic Programming,https://www.youtube.com/watch?v=zRza99HPvkQ,Dynamic Programming,"https://leetcode.com/problems/partition-equal-subset-sum/
https://leetcode.com/problems/target-sum/
https://leetcode.com/problems/ones-and-zeroes/",,https://www.codechef.com/problems/PPTEST
56,4.6 Optimal Binary Search Tree (Successful Search Only) - Dynamic Programming,https://www.youtube.com/watch?v=vLS-zRCHo-Y,Binary Search,,,
57,4.6.2 [New] Optimal Binary Search Tree Successful and Unsuccessful Probability - Dynamic Programming,https://www.youtube.com/watch?v=wAy6nDMPYAE,Binary Search,,,
58,4.7 [New] Traveling Salesman Problem - Dynamic Programming using Formula,https://www.youtube.com/watch?v=Q4zHb-Swzro,Dynamic Programming,"https://leetcode.com/problems/shortest-path-visiting-all-nodes/
https://leetcode.com/problems/find-the-shortest-superstring/",,
59,4.8 Reliability Design - Dynamic Programming,https://www.youtube.com/watch?v=uJOmqBwENB8,Dynamic Programming,,,
60,4.9 Longest Common Subsequence (LCS)  - Recursion and Dynamic Programming,https://www.youtube.com/watch?v=sSno9rV8Rhg,Dynamic Programming,"https://leetcode.com/problems/longest-common-subsequence/
https://leetcode.com/problems/shortest-common-supersequence/
https://leetcode.com/problems/delete-operation-for-two-strings/",https://www.hackerrank.com/challenges/dynamic-programming-classics-the-longest-common-subsequence/problem,
61,5.1 Graph Traversals - BFS & DFS -Breadth First Search and Depth First Search,https://www.youtube.com/watch?v=pcKY4hjDrxk,Graphs,"https://leetcode.com/problems/number-of-islands/
https://leetcode.com/problems/clone-graph/
https://leetcode.com/problems/rotting-oranges/","https://www.hackerrank.com/challenges/bfsshortreach/problem
https://www.hackerrank.com/challenges/connected-cell-in-a-grid/problem",https://www.codechef.com/problems/FIRESC
62,5.2 Articulation Point and Biconnected Components,https://www.youtube.com/watch?v=jFZsDDB0-vo,Graphs,https://leetcode.com/problems/critical-connections-in-a-network/,,
63,6 Introduction to Backtracking - Brute Force Approach,https://www.youtube.com/watch?v=DKCbsiDBN6c,Backtracking,,,
64,6.1 N Queens Problem using Backtracking,https://www.youtube.com/watch?v=xFv_Hl4B83A,Backtracking,"https://leetcode.com/problems/n-queens/
https://leetcode.com/problems/n-queens-ii/",,
65,6.2 Sum Of Subsets Problem - Backtracking,https://www.youtube.com/watch?v=kyLxTdsT8ws,Backtracking,"https://leetcode.com/problems/subsets/
https://leetcode.com/problems/subsets-ii/
https://leetcode.com/problems/combination-sum/",,
66,6.3 Graph Coloring Problem - Backtracking,https://www.youtube.com/watch?v=052VkKhIaQ4,Backtracking,"https://leetcode.com/problems/is-graph-bipartite/
https://leetcode.com/problems/possible-bipartition/",,
67,6.4 Hamiltonian Cycle - Backtracking,https://www.youtube.com/watch?v=dQr4wZCiJJ4,Backtracking,https://leetcode.com/problems/find-the-shortest-superstring/,,
68,7 Branch and Bound Introduction,https://www.youtube.com/watch?v=3RBNPc0_Q6g,Branch & Bound,,,
69,7.1 Job Sequencing with Deadline - Branch and Bound,https://www.youtube.com/watch?v=M7Fl_z7_J2k,Branch & Bound,,,
70,7.2 0/1 Knapsack using Branch and Bound,https://www.youtube.com/watch?v=yV1d-b_NeK8,Branch & Bound,,,
71,7.3 Traveling Salesman Problem - Branch and Bound,https://www.youtube.com/watch?v=1FEP_sNb62k,Branch & Bound,,,
72,8. NP-Hard and NP-Complete Problems,https://www.youtube.com/watch?v=e2cF8a5aAhE,NP-Completeness,,,
73,8.1 NP-Hard Graph Problem - Clique Decision Problem,https://www.youtube.com/watch?v=qZs767KQcvE,NP-Completeness,,,
74,9.1 Knuth-Morris-Pratt KMP String Matching Algorithm,https://www.youtube.com/watch?v=V5-7GzOfADQ,Strings,"https://leetcode.com/problems/find-the-index-of-the-first-occurrence-in-a-string/
https://leetcode.com/problems/shortest-palindrome/
https://leetcode.com/problems/repeated-substring-pattern/",https://www.hackerrank.com/challenges/kmp-fp/problem,
75,9.2 Rabin-Karp String Matching Algorithm,https://www.youtube.com/watch?v=qQ8vS2btsxI,Strings,"https://leetcode.com/problems/find-the-index-of-the-first-occurrence-in-a-string/
https://leetcode.com/problems/repeated-dna-sequences/
https://leetcode.com/problems/longest-duplicate-substring/",,
76,10.1 AVL Tree - Insertion and Rotations,https://www.youtube.com/watch?v=jDM6_TnYIqE,Trees & BST,https://leetcode.com/problems/balanced-binary-tree/,https://www.hackerrank.com/challenges/self-balancing-tree/problem,
77,10.2  B Trees and B+ Trees. How they are useful in Databases,https://www.youtube.com/watch?v=aZjYr87r1b8,Trees & BST,,,
78,Asymptotic Notations - Simplified,https://www.youtube.com/watch?v=ddsP7NecEBk,Fundamentals,,,
79,Hashing Technique - Simplified,https://www.youtube.com/watch?v=mFY0J5W8Udk,Hashing,"https://leetcode.com/problems/design-hashmap/
https://leetcode.com/problems/design-hashset/
https://leetcode.com/problems/contains-duplicate/",,
80,Shortest Path Algorithms (Dijkstra and Bellman-Ford)  - Simplified,https://www.youtube.com/watch?v=2raV0H9KqY8,Greedy,"https://leetcode.com/problems/network-delay-time/
https://leetcode.com/problems/cheapest-flights-within-k-stops/",https://www.hackerrank.com/challenges/dijkstrashortreach/problem,https://www.codechef.com/problems/SHPATH
81,BFS DFS - Simplified,https://www.youtube.com/watch?v=kyUpc_5705s,Graphs,"https://leetcode.com/problems/number-of-islands/
https://leetcode.com/problems/clone-graph/",https://www.hackerrank.com/challenges/bfsshortreach/problem,https://www.codechef.com/problems/FIRESC
82,Tower of Hanoi Problem - Made Easy,https://www.youtube.com/watch?v=q6RicK1FCUs,Recursion,,https://www.hackerrank.com/challenges/tower-of-hanoi/problem,https://www.codechef.com/problems/HANOI
83,Row-Major and Column-Major Mapping,https://www.youtube.com/watch?v=MJZd6uPi88E,Arrays,https://leetcode.com/problems/reshape-the-matrix/,,
84,Merge Sort Algorithm - Hindi,https://www.youtube.com/watch?v=zXhWPrMLXGo,Sorting,https://leetcode.com/problems/sort-an-array/,https://www.hackerrank.com/challenges/ctci-merge-sort/problem,https://www.codechef.com/problems/MRGSRT
85,Bresenham's Line Drawing Algorithm,https://www.youtube.com/watch?v=RGB-wlatStc,Mathematical & Graphics,,,
86,DDA Line Drawing Algorithm - Computer Graphics,https://www.youtube.com/watch?v=W5P8GlaEOSI,Graphs,,,
87,6. Everything about Variables in JAVA,https://www.youtube.com/watch?v=h1Sq8p2GL2g,Java Core,,https://www.hackerrank.com/challenges/java-stdin-and-stdout-1/problem,https://www.codechef.com/problems/START01
88,5. Everything about JAVA Data Types,https://www.youtube.com/watch?v=MuALK4KcNMc,Java Core,,https://www.hackerrank.com/challenges/java-datatypes/problem,https://www.codechef.com/problems/FLOW001
89,4. Why public static void main(String args[ ]) ? JAVA,https://www.youtube.com/watch?v=On9mzziI2pU,Java Core,,https://www.hackerrank.com/challenges/welcome-to-java/problem,https://www.codechef.com/problems/START01
90,3. Why to Set Path ? JAVA,https://www.youtube.com/watch?v=OnbpCg96w0I,Java Core,,,
91,2. Why and How Java is platform independent,https://www.youtube.com/watch?v=1xz7OxASXUc,Java Core,,,
92,1. Why One should Learn Java - Introduction to Java,https://www.youtube.com/watch?v=-JYLuv7mmxM,Java Core,,https://www.hackerrank.com/challenges/welcome-to-java/problem,https://www.codechef.com/problems/START01
93,4.7 Traveling Salesperson Problem - Dynamic Programming,https://www.youtube.com/watch?v=XaXsJJh-Q5Y,Dynamic Programming,"https://leetcode.com/problems/shortest-path-visiting-all-nodes/
https://leetcode.com/problems/find-the-shortest-superstring/",,